Workbook

Sheet Overview
B2: Db2 for z/OS Post-Change Validation Checklist
B3: Standard validation to confirm Db2 and its dependent services are ready for business processing after an IPL, maintenance or configuration change.
B5: Item | C5: Description
B6: Purpose | C6: Confirm that Db2, Java/WLM stored procedure environments, applications and tools work end to end before a change is closed.
B7: When to use | C7: After any IPL, Db2 or z/OS maintenance, Java upgrade, WLM change or configuration change affecting Db2.
B8: Scope | C8: Db2 subsystem health, SQL and data, logging and recovery, DDF connectivity, WLM and Java stored procedures, batch and CICS, QMF, Admin Tool, HPU, utilities and monitoring.
B9: Key principle | C9: A successful Db2 startup alone does not confirm that applications, Java routines or tools are working. Dependent services must be validated.
B10: Closure rule | C10: A change is closed only when all Required checks (and applicable checks) are met and dependency documentation is updated.
B12: Validation Areas
B13: Validation Area | C13: No. of Checks | D13: Required | E13: What It Confirms
B14: Subsystem Foundations | C14: =COUNTIF('Validation Checklist'!$B:$B,B14) -> 6 | D14: =COUNTIFS('Validation Checklist'!$B:$B,B14,'Validation Checklist'!$G:$G,"Required") -> 6 | E14: Db2 is up, correctly configured and error-free.
B15: Database and SQL | C15: =COUNTIF('Validation Checklist'!$B:$B,B15) -> 8 | D15: =COUNTIFS('Validation Checklist'!$B:$B,B15,'Validation Checklist'!$G:$G,"Required") -> 8 | E15: Data, packages and security work correctly.
B16: Logging and Recovery | C16: =COUNTIF('Validation Checklist'!$B:$B,B16) -> 3 | D16: =COUNTIFS('Validation Checklist'!$B:$B,B16,'Validation Checklist'!$G:$G,"Required") -> 2 | E16: Logs and backups support recovery.
B17: Distributed Connectivity | C17: =COUNTIF('Validation Checklist'!$B:$B,B17) -> 4 | D17: =COUNTIFS('Validation Checklist'!$B:$B,B17,'Validation Checklist'!$G:$G,"Required") -> 4 | E17: Remote and encrypted connections work.
B18: WLM and Stored Procedures | C18: =COUNTIF('Validation Checklist'!$B:$B,B18) -> 8 | D18: =COUNTIFS('Validation Checklist'!$B:$B,B18,'Validation Checklist'!$G:$G,"Required") -> 7 | E18: Java/WLM environments and stored procedures run correctly.
B19: Application Processing | C19: =COUNTIF('Validation Checklist'!$B:$B,B19) -> 4 | D19: =COUNTIFS('Validation Checklist'!$B:$B,B19,'Validation Checklist'!$G:$G,"Required") -> 3 | E19: Batch, CICS and critical business paths complete.
B20: QMF | C20: =COUNTIF('Validation Checklist'!$B:$B,B20) -> 4 | D20: =COUNTIFS('Validation Checklist'!$B:$B,B20,'Validation Checklist'!$G:$G,"Required") -> 4 | E20: Query and reporting tool works.
B21: Db2 Administration Tool | C21: =COUNTIF('Validation Checklist'!$B:$B,B21) -> 3 | D21: =COUNTIFS('Validation Checklist'!$B:$B,B21,'Validation Checklist'!$G:$G,"Required") -> 3 | E21: Admin tool works against the correct subsystem.
B22: High Performance Unload | C22: =COUNTIF('Validation Checklist'!$B:$B,B22) -> 3 | D22: =COUNTIFS('Validation Checklist'!$B:$B,B22,'Validation Checklist'!$G:$G,"Required") -> 3 | E22: Unload tool works and output reconciles.
B23: Utilities | C23: =COUNTIF('Validation Checklist'!$B:$B,B23) -> 4 | D23: =COUNTIFS('Validation Checklist'!$B:$B,B23,'Validation Checklist'!$G:$G,"Required") -> 1 | E23: Db2 utilities run correctly.
B24: Monitoring and Resilience | C24: =COUNTIF('Validation Checklist'!$B:$B,B24) -> 4 | D24: =COUNTIFS('Validation Checklist'!$B:$B,B24,'Validation Checklist'!$G:$G,"Required") -> 2 | E24: Monitoring, performance and restart resilience.
B25: Release and Closure | C25: =COUNTIF('Validation Checklist'!$B:$B,B25) -> 1 | D25: =COUNTIFS('Validation Checklist'!$B:$B,B25,'Validation Checklist'!$G:$G,"Required") -> 1 | E25: End-to-end verification and formal closure.
B26: Total | C26: =SUM(C14:C25) -> 52 | D26: =SUM(D14:D25) -> 44
B28: Check Types
B29: Type | C29: Meaning
B30: Required | C30: Performed after every IPL or system/runtime change.
B31: If applicable | C31: Performed only where the component is configured (e.g. data sharing, IMS).
B32: Scheduled | C32: Deeper or intrusive tests performed in an approved maintenance window.
B34: Responsibilities
B35: Role | C35: Responsibility
B36: Db2 Support | C36: Subsystem, SQL, stored procedure, tool, log and utility checks.
B37: z/OS Support | C37: Libraries, WLM, Java runtime, file system mounts and startup configuration.
B38: Application / CICS Support | C38: Batch jobs, transactions, APIs and business output.
B39: Security / Network Support | C39: Access, certificates, TLS and connectivity.
B40: Change Owner | C40: Reviews results and approves change closure.

Sheet Validation Checklist
A1: ID | B1: Validation Area | C1: Validation Check | D1: Objective | E1: Acceptance Criteria | F1: Owner | G1: Check Type
A2: V01 | B2: Subsystem Foundations | C2: Subsystem identity and routing | D2: Commands and SQL reach the intended subsystem and location. | E2: Every route resolves to the approved subsystem and location. | F2: Db2 Support | G2: Required
A3: V02 | B3: Subsystem Foundations | C3: Db2 release and maintenance level | D3: Code, catalog and function levels and maintenance match the approved target. | E3: Levels match target; prerequisites and HOLD actions satisfied. | F3: Db2 Support | G3: Required
A4: V03 | B4: Subsystem Foundations | C4: Address spaces and startup | D4: MSTR, DBM1, IRLM and DIST started cleanly and remain healthy. | E4: All components active; startup completed with no unresolved errors. | F4: Db2 Support | G4: Required
A5: V04 | B5: Subsystem Foundations | C5: Procedure libraries and subsystem definitions | D5: Active and restart library references and APF settings are correct. | E5: Effective and restart configuration reference approved libraries. | F5: Db2 / z/OS Support | G5: Required
A6: V05 | B6: Subsystem Foundations | C6: System parameters and attachments | D6: Live DSNZPARM values and attachment settings match the baseline. | E6: Effective values match baseline; attachments target the correct subsystem. | F6: Db2 Support | G6: Required
A7: V06 | B7: Subsystem Foundations | C7: Message and dump review | D7: Logs reviewed for new severe errors, abends or dumps. | E7: No new unexplained errors or dumps; known items dispositioned. | F7: Db2 Support | G7: Required
A8: V07 | B8: Database and SQL | C8: Catalog and directory access | D8: Db2 catalog and directory are readable and unrestricted. | E8: Catalog query succeeds; no restrictive states. | F8: Db2 Support | G8: Required
A9: V08 | B9: Database and SQL | C9: Application object availability | D9: Critical databases, table spaces and indexes are available. | E9: Required objects available; no unapproved pending states. | F9: Db2 Support | G9: Required
A10: V09 | B10: Database and SQL | C10: Buffer pools and work files | D10: Buffer pools and work files are operating within limits. | E10: Pools and work files usable; performance within baseline. | F10: Db2 Support | G10: Required
A11: V10 | B11: Database and SQL | C11: Packages, plans and APPLCOMPAT | D11: Critical packages and plans are valid with correct compatibility. | E11: Packages valid and operative; APPLCOMPAT appropriate. | F11: Db2 Support | G11: Required
A12: V11 | B12: Database and SQL | C12: Basic SQL and business reads | D12: Basic SQL and representative business reads return correct data. | E12: SQL succeeds; values match reference data. | F12: Db2 Support | G12: Required
... A53: V52 | B53: Release and Closure | C53: End-to-end processing and sign-off | D53: Full business path verified and change formally closed. | E53: All applicable checks evidenced; business outcomes correct. | F53: Db2 / Application Support | G53: Required
